{
    "Bitcoin_HW0_1.mp4": [
      {
        "start_frame": "73",
        "end_frame": "87",
        "action_type": "click",
        "down_coordinate": [12.076749435666011, 10.833333333333348],
        "up_coordinate": [12.076749435666011, 10.833333333333348],
        "type_word": null
      },
      {
        "start_frame": "88",
        "end_frame": "166",
        "action_type": "type",
        "down_coordinate": [12.437923250564333, 11.666666666666666],
        "up_coordinate": [12.437923250564333, 11.666666666666666],
        "type_word": "B"
      },
      {
        "start_frame": "167",
        "end_frame": "227",
        "action_type": "swipe",
        "down_coordinate": [3.769751693003101, 64.6666666666667],
        "up_coordinate": [3.7697516930032036, 62.66666666666671],
        "type_word": null
      },
      {
        "start_frame": "228",
        "end_frame": "241",
        "action_type": "click",
        "down_coordinate": [3.2279909706546275, 32.5],
        "up_coordinate": [3.2279909706546275, 32.5],
        "type_word": null
      }
    ],
    "Bitcoin_HW0_2.mp4": [
      {
        "start_frame": "27",
        "end_frame": "63",
        "action_type": "click",
        "down_coordinate": [11.896162528217113, 11.166666666666659],
        "up_coordinate": [11.896162528217113, 11.166666666666659],
        "type_word": null
      },
      {
        "start_frame": "64",
        "end_frame": "134",
        "action_type": "type",
        "down_coordinate": [12.979683972911966, 11.333333333333332],
        "up_coordinate": [12.979683972911966, 11.333333333333332],
        "type_word": "E"
      },
      {
        "start_frame": "135",
        "end_frame": "229",
        "action_type": "swipe",
        "down_coordinate": [3.950338600452662, 83.16666666666671],
        "up_coordinate": [3.9503386004526164, 77.50000000000006],
        "type_word": null
      },
      {
        "start_frame": "230",
        "end_frame": "248",
        "action_type": "click",
        "down_coordinate": [3.5891647855530473, 32.66666666666667],
        "up_coordinate": [3.5891647855530473, 32.66666666666667],
        "type_word": null
      }
    ]
  }
  